age,gender,income,daily_physical_activity,servings_fruits_veggies,BMI,self_reported_health_status
56,Male,49241,2,7,24.346839847496646,Excellent
46,Female,64569,86,6,33.38571683291275,Fair
32,Female,31745,89,5,24.177332670914954,Excellent
60,Female,46029,36,6,38.68997230818127,Good
25,Male,33025,87,4,32.18204705296755,Fair
38,Male,34288,48,6,25.477003703769853,Good
56,Male,26540,18,0,24.294505039283862,Fair
36,Male,88878,114,0,22.604921579040337,Excellent
40,Male,61846,88,8,33.43478061621515,Good
28,Male,95932,84,4,23.20238567945544,Good
28,Male,37482,11,4,31.299020217441015,Good
41,Male,43411,60,2,24.189653078895184,Fair
53,Female,70975,40,4,32.73233231306818,Very Good
57,Female,80545,32,2,36.02120416362159,Excellent
41,Male,98797,49,8,35.22754272761004,Good
20,Male,72307,116,8,34.858303615011806,Very Good
39,Female,23093,67,5,22.53603172238342,Excellent
19,Male,97258,105,0,20.40027636016715,Excellent
41,Male,42042,70,6,33.52739981247879,Good
61,Male,72930,85,6,26.419465096578552,Good
47,Female,64413,118,9,27.795443867671967,Fair
55,Female,53756,32,9,19.169705495057908,Very Good
19,Female,73268,80,3,24.080893659413558,Very Good
38,Female,59214,23,7,19.224042683300976,Good
50,Female,48602,60,5,37.402494110926824,Excellent
29,Male,73331,60,3,23.733028689198406,Good
39,Female,68901,97,3,30.482749145819675,Excellent
61,Male,83416,27,1,19.338055394214305,Excellent
42,Male,52196,57,1,32.83721891307165,Good
44,Female,25626,42,3,25.44508793371302,Poor
59,Female,27424,40,4,37.80526251958982,Very Good
45,Male,32857,38,7,37.594541062081774,Excellent
33,Male,39982,85,5,25.49374829477758,Excellent
32,Male,96961,48,3,37.87065925734506,Poor
64,Female,21980,16,6,39.917389980223746,Fair
61,Female,68290,97,7,36.246436778664886,Poor
20,Female,46431,69,1,36.66473397673742,Poor
54,Female,46385,109,6,23.853687826345432,Excellent
24,Female,58158,69,1,30.89910157544176,Very Good
38,Male,43019,97,1,19.94600215029841,Poor
26,Female,38639,64,7,20.540735641665897,Fair
56,Male,41563,73,1,39.97619115871575,Good
35,Male,59341,84,8,25.522743862657087,Poor
21,Male,25776,4,0,34.58595410905019,Poor
42,Female,56444,1,8,35.843298640076554,Fair
31,Female,88916,21,0,36.94750032665543,Very Good
26,Female,28711,111,9,39.94900839414636,Poor
43,Male,94318,56,9,23.692174433022657,Poor
19,Male,50707,65,1,19.367542777483543,Very Good
37,Male,59110,73,5,27.3406176368836,Fair
45,Male,81788,97,5,21.29673440132236,Poor
64,Male,58827,15,0,18.982156616984184,Very Good
24,Male,25655,111,6,26.24917678354195,Poor
61,Female,64859,50,7,35.350372398117585,Good
25,Female,73625,38,1,30.67288486133902,Excellent
64,Female,72098,85,7,25.224726768022613,Good
52,Female,35251,75,8,32.56835311809347,Poor
31,Male,20526,87,5,23.48839087663943,Fair
34,Male,88760,110,4,18.809201090549827,Excellent
53,Female,67837,39,8,34.93359780838318,Good
57,Male,31536,37,8,31.910476324576194,Very Good
21,Female,48541,59,0,34.88950642677064,Fair
19,Female,99083,58,2,19.33716735878481,Good
23,Female,71027,9,8,36.49807199835902,Very Good
59,Male,54531,98,1,31.819813300780524,Poor
21,Female,28712,63,3,30.613000040321765,Very Good
46,Female,85455,114,3,31.929202034462428,Good
35,Female,94744,62,1,37.08531480766983,Good
43,Male,25109,48,2,31.1191348910165,Poor
61,Male,69268,63,2,30.990433167595853,Very Good
51,Female,74615,31,0,39.79960187691397,Very Good
27,Male,49759,6,5,34.76969859197421,Poor
53,Male,80112,20,7,28.00931681719941,Very Good
31,Male,46589,19,2,33.70903550070795,Poor
48,Male,50015,25,4,26.868455141373452,Fair
32,Male,49009,67,0,23.420822443395227,Good
25,Male,82046,109,9,31.332315353086827,Fair
31,Male,46143,115,6,38.45591510944996,Excellent
40,Male,26154,85,9,38.47649968033245,Excellent
57,Male,41804,14,0,25.850963479268042,Excellent
38,Male,61688,119,8,29.845065523766444,Poor
33,Female,84288,103,7,23.050171819252014,Very Good
62,Female,71195,84,6,39.90606885422599,Fair
35,Male,40581,78,9,39.594035019160614,Fair
64,Female,72648,85,6,32.46444198871012,Fair
41,Female,50087,115,4,35.79490228306568,Fair
43,Male,69930,91,4,33.87465346759955,Excellent
42,Male,52981,13,4,31.252901709348567,Fair
62,Male,89298,26,0,19.6469819352613,Very Good
58,Female,66167,104,7,28.277433364882214,Excellent
46,Female,95304,39,0,33.00790549659933,Fair
32,Male,63408,57,3,33.06692969849922,Poor
62,Male,59499,27,8,26.522136296081246,Good
18,Male,72269,25,8,38.74637771314765,Good
42,Female,58559,112,4,22.09817619309079,Good
24,Female,94319,62,3,29.257728093634555,Excellent
26,Female,68787,65,2,33.35400549584269,Fair
41,Female,55488,24,2,33.4884198266739,Excellent
18,Male,94441,119,4,32.44573757052953,Very Good
61,Male,94663,2,9,24.418696589214996,Poor
25,Male,42431,71,0,21.858441226762373,Poor
41,Male,81681,43,4,32.17271702677428,Good
28,Female,83483,96,5,31.38499549699791,Good
34,Female,69153,41,6,22.35615422121868,Good
25,Male,26368,115,8,33.66049162976711,Fair
52,Male,47424,98,2,28.286197822273614,Very Good
52,Female,65004,5,1,32.85685271946779,Very Good
50,Male,76985,38,2,36.50339221505824,Very Good
22,Female,70069,51,8,22.149161214403847,Very Good
59,Male,72326,22,6,18.91161466193199,Good
56,Male,43398,88,8,35.25070560750942,Poor
58,Male,70861,49,1,31.60849464078124,Good
45,Male,95897,42,4,33.54225074687562,Very Good
24,Male,88577,18,3,36.52033196225581,Good
26,Male,85641,68,1,35.76043509872676,Very Good
25,Male,29078,50,8,39.15978315896973,Excellent
29,Female,45003,10,8,30.02260419532054,Poor
51,Female,82768,119,5,29.002656102187963,Excellent
50,Female,71047,11,5,27.140574797650697,Fair
40,Female,91626,73,7,21.8043574211504,Good
41,Female,77660,7,5,30.811055506963484,Fair
54,Male,69786,23,0,24.455769273008542,Good
52,Male,21925,91,3,38.308111512578975,Excellent
61,Female,46015,40,6,31.0386022919576,Very Good
57,Male,53320,35,1,31.246063880924368,Very Good
39,Female,84881,100,8,26.130880208855714,Good
44,Female,46289,84,7,19.61777106752071,Very Good
52,Male,23389,71,7,19.182490955519256,Excellent
18,Male,45683,54,6,27.601705599293744,Very Good
52,Male,33629,8,3,20.318155629090615,Excellent
54,Female,81550,46,1,31.54720954411299,Fair
64,Male,44826,14,2,37.44091962125263,Excellent
31,Female,46630,47,5,37.48266855515253,Poor
20,Female,66163,109,4,32.66947631784299,Poor
18,Female,86435,103,7,23.041484376668016,Poor
22,Male,31653,81,5,37.05443187421575,Good
43,Male,47961,41,5,37.551008859233974,Good
31,Female,94137,59,0,22.728052076488613,Good
56,Male,53662,83,3,34.35466084406956,Excellent
44,Male,76446,69,4,24.660170301933142,Good
26,Male,41288,11,2,35.756766715587986,Fair
32,Female,56877,1,8,39.940614847927456,Poor
32,Female,35313,6,0,19.145559114581946,Excellent
43,Male,92715,79,5,37.793366114505034,Poor
59,Female,30326,2,5,31.886556472371147,Good
30,Male,21560,108,9,39.42772631204366,Excellent
49,Male,99148,2,4,28.497704626818194,Very Good
56,Male,46745,26,4,36.71884050728454,Fair
49,Male,51890,113,9,19.84147247486296,Good
21,Female,40022,106,4,25.70849957668336,Good
47,Female,72579,39,5,19.940855561651013,Fair
54,Female,90316,101,7,39.46987736980002,Fair
40,Male,48380,32,1,36.06493900634449,Very Good
56,Male,22356,91,5,36.829769556788364,Good
62,Male,90326,0,0,38.66625247582873,Good
32,Female,40049,118,3,20.329724951575386,Poor
60,Male,95717,7,9,26.790348239036668,Excellent
46,Female,36082,100,2,20.027250114446044,Excellent
53,Female,20661,31,8,23.032051683325616,Poor
30,Female,57412,47,2,23.431364206309958,Excellent
49,Female,22920,106,5,28.58580503752294,Fair
24,Female,80315,100,0,24.274086600253316,Excellent
39,Female,99561,3,5,20.671029296581864,Excellent
45,Male,28946,93,3,22.101058415523315,Poor
19,Male,65500,69,7,21.666424616369955,Very Good
59,Female,36309,109,8,39.421151155114416,Excellent
62,Female,75230,117,3,34.82478889874719,Excellent
23,Male,50027,18,9,39.30687150329558,Very Good
45,Female,92541,31,9,27.954420459920033,Poor
45,Female,79321,8,5,24.484922355747116,Very Good
61,Male,20956,11,0,35.66330373999752,Poor
61,Female,94131,10,3,25.514459237884655,Fair
37,Female,67908,45,6,24.936742534664987,Poor
47,Female,98339,118,0,23.49887883246837,Fair
28,Male,45963,15,7,21.28809803182106,Fair
45,Male,59443,0,9,24.01395581186047,Poor
42,Male,59063,62,5,26.139374592188585,Good
56,Female,24703,108,4,32.99087547513321,Poor
50,Female,85128,118,9,19.84514410771821,Excellent
18,Male,92099,116,8,23.025899202804872,Excellent
44,Female,45849,20,1,35.894008266271044,Good
30,Female,51860,29,4,21.65882135705107,Fair
58,Female,51585,12,5,25.866870650234212,Good
20,Female,42015,33,6,37.090166819950014,Excellent
56,Female,97539,3,4,21.83089418958402,Good
23,Male,63585,27,8,20.278841965791084,Poor
25,Female,46958,101,0,28.917566894220233,Good
44,Male,46017,94,6,25.002019492488532,Fair
26,Female,96707,58,9,30.613279836402864,Poor
54,Male,65350,118,6,35.78180514539471,Very Good
50,Female,32201,26,3,21.44869249528398,Excellent
59,Male,49426,68,8,30.98503031791713,Excellent
61,Female,37778,24,4,29.368438348382075,Good
41,Male,65241,2,3,21.59769389928379,Poor
32,Female,62229,96,6,31.91596743887312,Very Good
49,Male,68364,67,3,24.38326898400659,Poor
49,Female,77056,24,2,28.988437848696268,Excellent
41,Male,47490,19,8,20.26885497195683,Poor
58,Male,39975,33,7,28.381057230092896,Very Good
29,Female,46723,25,0,25.088964562920637,Good
56,Female,43279,4,6,36.18119604048512,Fair
19,Male,98301,98,8,19.72504263044342,Poor
20,Female,31561,60,7,27.500056410744094,Fair
54,Male,86061,91,7,28.35627561882592,Excellent
34,Male,69153,92,5,34.08763064043105,Good
19,Male,53142,8,3,30.84718286443954,Good
19,Female,46916,115,7,32.84506524967489,Poor
45,Male,84324,101,2,35.206559641512754,Good
40,Male,64965,49,8,37.03736393365106,Poor
54,Female,24648,5,1,25.248323179533116,Poor
49,Female,55133,82,1,30.067488165323915,Fair
50,Female,70677,59,6,36.562323686442795,Good
18,Female,90135,43,9,39.77319931574871,Poor
36,Male,55046,10,3,37.62466518744091,Fair
19,Male,67064,65,9,26.4865461464241,Very Good
61,Male,89350,46,7,22.696080120200982,Fair
43,Male,65893,107,8,29.021939554241655,Fair
49,Female,81272,107,6,34.445291214474906,Poor
23,Male,87649,72,4,29.090235021195898,Excellent
49,Male,84674,84,7,28.888388561243872,Excellent
21,Female,33760,87,3,36.52195405325871,Excellent
28,Male,41927,97,1,26.270181249944507,Fair
34,Male,81367,85,5,36.985585508450384,Poor
55,Male,32588,2,8,27.246303220462057,Good
41,Male,72233,75,0,25.557011772084298,Fair
22,Male,64738,91,9,28.26078309079353,Fair
51,Male,53397,29,6,34.89260961150967,Poor
23,Female,96367,89,9,21.209043599075876,Very Good
39,Female,91260,111,8,22.723013141248373,Fair
28,Male,96619,20,9,38.956063751756474,Very Good
33,Male,39816,27,8,22.273069988699184,Very Good
50,Female,62240,119,9,30.706137335517674,Excellent
26,Male,26276,89,2,30.955261033231665,Poor
23,Male,99530,61,4,29.02692593408026,Very Good
33,Male,43499,32,7,32.3620228444016,Poor
46,Female,91635,84,7,23.441274604648797,Excellent
20,Male,55946,34,3,30.382238757200085,Poor
37,Female,75204,51,0,26.501724987808288,Fair
53,Male,71886,33,0,32.725846082027566,Very Good
36,Female,91652,40,3,21.536306182522715,Poor
43,Female,35563,50,5,30.77386446204874,Good
20,Male,29847,46,7,22.48331264074146,Poor
36,Female,46155,81,5,24.49082585697328,Very Good
37,Male,99671,57,8,23.20226070695704,Excellent
49,Female,87278,74,8,22.431012267179568,Excellent
24,Male,38309,56,1,36.25278545855434,Very Good
58,Male,20619,22,9,24.64271270470914,Fair
50,Female,70108,47,0,38.433161310085666,Fair
57,Male,54707,21,1,39.353420294921605,Excellent
56,Male,40337,16,4,30.782100103647593,Excellent
35,Female,86504,68,3,21.57452413731312,Very Good
57,Male,67614,107,3,26.552787232660997,Fair
18,Male,20281,10,8,35.6512436619866,Excellent
28,Female,47420,93,7,26.398900666987014,Fair
45,Female,59030,14,5,20.37087019350996,Excellent
42,Male,21058,90,0,30.47087558495604,Poor
40,Male,96260,34,1,36.67009830716475,Good
48,Female,48404,32,5,35.612417323585305,Poor
47,Female,49856,83,1,22.265147512802596,Excellent
59,Male,29200,15,9,32.96443920986803,Good
52,Female,84178,33,4,23.240841663866412,Good
24,Male,53997,65,4,23.1914619928717,Excellent
33,Male,45611,98,5,37.29254312606148,Excellent
43,Male,61235,39,5,23.867882483914947,Fair
19,Male,55057,119,5,24.15981795013724,Excellent
18,Male,21239,27,1,18.51404790136794,Very Good
29,Female,85661,46,9,37.219384233698634,Excellent
22,Female,65272,38,2,35.540788483996394,Very Good
54,Female,81212,69,5,31.987572104449576,Excellent
49,Female,35398,72,7,34.63071392468511,Fair
26,Male,76503,19,0,21.769044199626574,Very Good
58,Male,26638,0,0,28.353957283632873,Poor
52,Male,26570,71,1,26.05121682799879,Very Good
36,Male,88785,118,5,20.516195314525856,Fair
33,Female,29110,86,8,28.951805432120867,Very Good
20,Male,99141,62,3,38.29590248236666,Excellent
37,Male,32115,66,2,19.36127105958993,Excellent
41,Female,59062,3,7,24.766409640116567,Fair
50,Female,42911,57,9,22.962130128422626,Good
41,Female,52556,24,8,23.620153053812473,Excellent
28,Female,98131,46,4,38.03134286540657,Poor
25,Male,21969,37,8,28.56348466603724,Fair
53,Male,63753,14,1,28.525437378206107,Very Good
55,Female,24470,62,2,34.852376312788564,Very Good
57,Male,30225,20,6,21.821582386105906,Poor
37,Male,43196,98,6,28.976205113151092,Excellent
52,Male,33669,56,5,27.744682103602784,Fair
42,Female,57380,116,5,31.333579846753107,Poor
52,Male,68320,52,1,39.990490619884426,Excellent
42,Female,67414,45,9,35.04315122276401,Fair
46,Male,35577,115,5,27.054112614874683,Very Good
35,Male,75409,13,3,36.29239062389201,Fair
63,Male,48625,99,2,22.170229811218324,Good
35,Female,44089,75,1,19.154969255642644,Fair
19,Male,56487,16,0,22.89564000798187,Good
52,Female,85838,38,4,25.818848456456582,Fair
33,Female,70138,8,1,29.477486285380536,Good
58,Female,62823,98,1,31.7252765216358,Very Good
53,Male,57208,76,6,38.07802292011007,Excellent
50,Male,74061,78,7,29.46186120533484,Good
21,Male,50659,81,9,29.27742635945318,Good
50,Male,51890,114,7,19.580224711194116,Very Good
31,Female,99134,96,3,19.250598382108812,Good
38,Female,67055,5,0,30.349939181202,Poor
37,Female,39508,90,6,27.920840184839406,Very Good
25,Male,62287,22,0,36.54237849207642,Poor
24,Female,98916,58,3,21.954611071304672,Very Good
20,Male,46984,90,7,19.036890735516565,Good
34,Female,28125,97,1,28.154333510497707,Poor
50,Male,56059,119,5,23.605788970173535,Good
29,Male,89569,45,5,19.566709026785006,Very Good
39,Female,37087,37,8,34.07886316722402,Good
39,Female,25704,13,4,20.89924949908082,Poor
63,Female,80576,99,9,31.57886925016709,Poor
47,Female,93384,116,3,24.54256962858812,Good
55,Male,92460,71,4,22.230165082632972,Fair
55,Female,47208,61,9,26.664657742765325,Very Good
62,Female,86024,34,4,35.7310841887935,Very Good
25,Female,59882,18,7,26.93001190344831,Good
44,Male,45923,29,9,34.6415474580377,Fair
44,Male,49165,77,7,21.19795538118174,Poor
51,Female,87203,83,1,35.1145855227992,Excellent
38,Male,24114,112,6,23.594066485492945,Excellent
47,Female,84965,24,7,33.063952292610765,Good
50,Male,56321,39,5,30.66430342908142,Fair
45,Male,93297,87,4,38.47661142005128,Fair
64,Male,45426,13,8,26.82743413646925,Very Good
50,Male,37772,25,2,19.92255155994047,Poor
22,Female,23712,101,9,18.91184293935194,Fair
36,Female,21367,86,3,36.2774590609142,Excellent
21,Female,71924,21,8,29.78181620972079,Poor
52,Male,23726,47,5,35.16774711445141,Poor
34,Female,47723,82,7,23.540150400247565,Good
61,Female,29108,109,6,25.919300528534524,Fair
45,Female,97714,50,1,19.14723325254336,Good
47,Male,55643,2,2,39.172084978343406,Fair
46,Male,51324,41,0,32.85915999406749,Very Good
63,Male,28927,18,8,38.56390938682509,Good
23,Female,42443,72,6,24.208172759725056,Good
52,Female,99973,27,0,31.64646764135171,Excellent
58,Female,83449,83,2,33.08774931829171,Good
54,Male,96743,44,3,25.327318555538152,Fair
41,Male,80233,70,3,36.734348552836046,Excellent
46,Female,45537,77,4,38.86397145235533,Good
63,Male,97576,62,2,37.52438503046409,Good
48,Male,42612,72,2,34.38993998269651,Very Good
52,Male,26471,118,0,24.465490614086512,Good
50,Male,55631,18,6,24.554744905271082,Poor
38,Female,51348,46,9,39.212246889589814,Excellent
49,Male,84732,115,0,18.72111666261738,Poor
40,Male,21177,13,1,33.89507442470611,Excellent
50,Male,24760,119,3,33.684292494938134,Very Good
20,Male,52779,37,3,31.887825130420644,Good
35,Female,41636,52,4,39.78734019086761,Good
42,Female,73551,60,1,25.20540786892009,Good
59,Male,31556,35,3,25.809395071554835,Excellent
48,Male,47598,39,0,20.197197163350943,Good
20,Male,31563,80,1,28.020159935690355,Poor
57,Male,66819,29,0,24.112543314049233,Good
63,Male,93770,8,9,25.882814096819352,Very Good
41,Male,46966,63,9,36.443293490495996,Poor
49,Female,79889,32,3,38.612917040841154,Good
64,Male,46987,119,3,22.493261048111492,Good
39,Female,98714,51,6,26.508942028399517,Fair
40,Female,78348,88,9,38.465557085480974,Excellent
19,Male,44596,13,8,19.828881904818285,Poor
44,Female,53174,74,8,20.485751354394637,Fair
59,Female,84106,52,4,22.00000626793393,Very Good
19,Female,89967,98,9,31.297075933727807,Excellent
43,Female,79182,104,0,21.735153826628945,Poor
34,Female,59310,58,0,39.313642201190774,Good
57,Female,76088,77,5,28.104362336058188,Poor
50,Male,28906,93,1,29.282636147528578,Good
26,Female,56914,40,7,23.80316023981624,Excellent
60,Female,65379,67,8,28.625645427346768,Good
56,Female,98612,67,3,32.73114310169575,Very Good
46,Male,57650,91,4,34.65030844451192,Good
59,Female,66881,7,7,34.70816377826313,Very Good
43,Male,66413,1,2,30.9246589229229,Excellent
52,Female,26012,104,4,37.94373516236793,Excellent
42,Male,70115,109,2,36.07426871708135,Poor
41,Male,27151,85,9,34.77653446602045,Very Good
30,Female,77716,40,2,19.695518716129904,Very Good
24,Female,56378,119,2,18.64787618772246,Fair
53,Male,62652,54,6,23.06761645970267,Fair
62,Female,92430,15,6,32.76575726913922,Fair
37,Male,33467,92,6,27.340746010974733,Good
18,Male,51010,61,9,27.151734574935205,Fair
25,Male,74691,112,7,37.51861809693669,Very Good
63,Male,84157,47,4,37.75460123483453,Good
33,Male,32289,29,4,38.04726817715209,Excellent
31,Female,64976,11,3,25.24837864507309,Poor
29,Male,63596,34,6,33.35769997389413,Fair
40,Male,43171,10,9,24.340113397398948,Excellent
32,Female,64139,63,3,22.59811141110067,Very Good
45,Male,68713,109,1,22.46959783296844,Poor
51,Female,49734,49,3,25.85531384856727,Excellent
19,Female,92588,84,7,27.744088825266168,Poor
49,Female,83646,20,8,36.36540717768397,Fair
40,Male,23654,68,2,21.07765850966331,Very Good
39,Male,38743,47,6,34.30090571899022,Poor
42,Male,68368,19,8,29.926280655070066,Excellent
39,Female,94172,100,3,24.690824867533838,Fair
39,Male,26441,66,9,29.09562106745573,Fair
59,Female,44611,43,2,24.948754500205986,Excellent
23,Male,32149,32,4,31.31576203762358,Excellent
32,Female,79189,116,0,27.82764434138775,Poor
60,Male,41675,72,2,22.034718875195892,Good
54,Male,91031,60,7,21.00653610294748,Fair
50,Male,62668,8,7,30.253957164550798,Poor
25,Female,33673,67,3,37.901880215651225,Excellent
61,Female,96666,34,1,25.895090260990237,Poor
61,Male,85429,80,7,34.2595023052864,Excellent
22,Male,43669,97,7,32.66121913120499,Very Good
56,Female,54068,87,9,38.52843065765384,Excellent
21,Female,29435,95,3,36.15109187193153,Excellent
23,Female,72249,64,2,30.682013066467455,Excellent
62,Male,57384,7,1,32.62615571203331,Good
49,Female,96153,44,8,37.81530903155675,Excellent
47,Male,95388,86,0,27.0896538686191,Fair
64,Female,51401,46,6,25.52608617594221,Fair
52,Male,91831,39,4,18.732438298156723,Poor
57,Female,54084,75,7,36.27084809511648,Good
33,Female,75826,53,3,35.721085058672344,Poor
30,Female,56451,75,6,20.745772139153253,Fair
59,Female,27227,45,4,30.902433694353057,Fair
47,Female,51910,46,4,28.47560651058808,Very Good
36,Male,56041,14,8,21.052245553445896,Excellent
34,Female,85681,104,8,39.58221688180556,Fair
36,Female,85481,18,8,23.11596158046214,Poor
45,Female,88576,25,5,19.945534871947064,Poor
43,Male,84174,51,5,31.289218659291056,Excellent
54,Female,46160,92,4,34.385633558360205,Excellent
43,Male,37633,21,8,19.19753409001452,Very Good
40,Female,37014,103,9,32.66242923263098,Good
26,Female,69104,20,7,29.94427533295627,Poor
29,Male,61621,50,6,20.720197690813542,Excellent
18,Female,97231,37,6,22.209263354346785,Poor
18,Male,88388,19,5,30.71144739229573,Excellent
64,Male,36014,28,4,24.8716886905357,Fair
51,Female,53755,50,3,38.67378816600329,Poor
49,Male,60390,3,2,36.10291493390709,Fair
42,Female,43711,54,2,39.64669494004376,Poor
57,Female,77993,70,5,24.0829230374339,Good
62,Male,94696,91,3,39.3490581051565,Very Good
18,Male,47213,27,5,27.771528200518496,Fair
33,Male,77784,3,2,25.971654099245725,Excellent
56,Male,27421,21,3,19.582514829841095,Good
22,Female,37727,75,8,19.634453043981456,Poor
39,Female,24358,44,4,33.37824200285308,Fair
46,Male,85108,66,6,28.345473380331597,Poor
20,Female,52117,85,9,23.370214959776273,Poor
29,Female,51910,107,1,31.700361585992503,Poor
43,Female,75754,65,4,23.93644954237739,Very Good
33,Female,82438,87,8,30.919082718405086,Very Good
54,Male,49371,33,2,26.222988060127843,Excellent
39,Male,71501,90,8,36.206372872154105,Fair
46,Female,80946,54,5,36.14496745648576,Good
31,Male,58467,104,3,28.76303355963163,Good
45,Male,37625,0,6,26.042610850702836,Good
22,Male,53893,71,7,26.295035626020532,Poor
64,Female,96329,86,5,35.822862301866685,Very Good
47,Female,51007,37,4,25.55585888014866,Fair
63,Female,59532,5,5,22.994776534697188,Poor
22,Male,74253,85,4,20.320799350319096,Very Good
29,Female,32323,24,7,28.53390209901478,Very Good
33,Female,93379,81,0,28.8658401267766,Fair
43,Male,34210,16,6,36.5795372736625,Fair
43,Female,36456,60,9,23.256631973590373,Fair
38,Female,51367,11,9,26.691312383870596,Poor
56,Male,74624,5,1,35.880723386214356,Excellent
53,Male,30106,89,8,36.20790763110293,Fair
50,Male,88008,26,0,26.769138133543514,Excellent
47,Female,92240,7,9,28.37116650066364,Poor
54,Female,84315,82,5,25.020646653259583,Excellent
40,Female,89249,105,8,38.54992988601521,Good
27,Male,90587,64,0,21.050840963443978,Excellent
22,Male,30756,56,3,38.575612594531606,Fair
53,Female,88011,92,3,33.20312871445988,Poor
51,Female,56378,108,8,29.92880128276472,Fair
48,Male,24255,112,4,19.20216980686666,Good
27,Male,34484,98,4,28.725318124173178,Fair
36,Male,76549,39,5,27.266584257558744,Fair
49,Male,54503,13,0,21.966204457465135,Fair
18,Female,93794,34,0,32.61280647526412,Very Good
22,Male,65113,47,8,39.37974450841814,Good
62,Female,94069,108,2,30.58705943788729,Fair
21,Female,25249,83,3,33.86719544354484,Fair
33,Female,39201,55,0,19.97168473016936,Fair
41,Male,78576,48,8,27.479840410065385,Poor
33,Male,29686,12,7,21.00170743103666,Very Good
19,Male,73363,60,1,31.675110464034972,Poor
45,Male,20661,101,7,38.677366401604324,Very Good
49,Female,64843,48,6,32.72822124814023,Fair
44,Male,80963,45,5,20.151265538760065,Good
37,Male,62828,112,0,26.12532340717928,Excellent
41,Female,68604,61,6,30.33926265797831,Excellent
29,Male,30526,7,9,27.168966756864922,Fair
52,Female,88910,42,6,36.42334622521621,Poor
50,Female,45592,19,8,36.015426601264764,Good
50,Female,48982,96,0,31.65436693221926,Very Good
60,Female,20207,89,1,26.529345820353164,Fair
54,Female,88619,38,8,23.98973203590975,Good
29,Female,49328,84,8,20.77629784158228,Good
20,Female,66479,116,5,26.13030019496091,Very Good
18,Female,40103,48,5,27.38320911996597,Good
50,Male,59891,63,3,33.030192889737584,Poor
57,Male,30754,61,3,32.65043622239783,Poor
27,Male,92982,105,4,20.007325002287025,Poor
60,Male,75922,106,2,26.998075281769893,Good
61,Female,68231,53,0,22.40824564517328,Poor
46,Male,49301,104,0,21.871473164311322,Very Good
30,Female,82711,8,6,36.28699621935078,Good
29,Male,61323,87,0,19.401177159399538,Excellent
48,Male,38752,36,0,27.512431831895608,Good
63,Male,33395,48,2,22.11637859898014,Very Good
19,Female,76273,40,9,37.40559963708719,Excellent
52,Male,24895,16,3,30.476371035413255,Good
40,Female,96559,87,3,23.47468368210223,Poor
34,Female,30699,20,1,29.30218667407709,Fair
43,Male,85061,50,0,34.22695673361699,Fair
25,Male,29715,58,2,39.09953719176782,Poor
46,Male,39169,38,3,23.239589091276507,Fair
43,Female,36163,54,2,37.552908100780925,Fair
27,Male,25782,40,7,38.587538454601045,Poor
43,Female,55585,38,9,38.203041707439425,Poor
51,Female,50682,12,0,32.16140867253106,Good
58,Male,67864,63,1,32.04114407034621,Good
24,Male,75114,10,6,27.16902861345219,Poor
21,Female,58067,109,3,34.67655446953144,Very Good
62,Female,62685,18,7,29.922821394545036,Fair
28,Female,38073,10,2,33.06491853140833,Good
46,Male,56035,76,5,27.711844932749102,Fair
53,Female,84977,45,8,34.22717397692749,Excellent
42,Male,85450,44,0,36.22613762849781,Poor
38,Female,30382,0,0,21.648379516960546,Very Good
53,Female,24437,39,7,36.407988884845906,Excellent
27,Male,90971,107,2,30.116375433491605,Excellent
54,Female,84612,18,4,36.660317045439825,Excellent
26,Male,81929,75,0,27.772986686331812,Poor
41,Male,32329,71,4,26.649370435735253,Good
52,Female,45169,71,5,38.173805749120284,Poor
52,Male,54594,60,7,23.90013925229063,Good
53,Male,96957,116,2,36.650564993652075,Excellent
35,Female,80631,108,2,28.906442308952187,Excellent
56,Male,65033,11,9,29.553052014852085,Very Good
49,Male,83133,60,8,25.132068052023907,Good
41,Male,93165,111,3,30.820407313308838,Excellent
40,Female,93861,32,3,25.492040719938544,Fair
49,Male,72290,44,6,19.344292406195525,Very Good
54,Female,51750,89,1,24.347970014903655,Poor
29,Female,60461,102,7,18.6371494332417,Very Good
30,Male,93800,91,5,39.53462792172242,Fair
40,Male,98222,68,2,39.26356501112457,Good
42,Male,44226,7,8,26.995838895654558,Poor
52,Female,26721,24,4,34.15997336830239,Poor
58,Male,76154,90,7,25.93483111582414,Good
47,Male,40609,45,6,32.928502877348485,Very Good
34,Male,72130,86,7,35.81674592548855,Excellent
37,Male,92909,29,6,38.85525926088317,Very Good
42,Male,75249,108,2,27.10456393076795,Fair
39,Female,68895,46,1,35.34090663355502,Excellent
30,Female,25656,86,6,24.217461688590554,Very Good
36,Male,94520,48,2,39.79214453156344,Good
53,Male,83740,46,2,19.05404637343355,Fair
29,Male,84309,83,1,31.4758693397741,Fair
58,Male,49984,81,3,32.67937860550353,Fair
36,Female,93822,17,7,33.292979477093766,Excellent
29,Male,25901,65,0,21.088332943965412,Poor
26,Female,51552,67,0,38.67839034467231,Excellent
24,Female,51055,93,4,22.39544049957678,Very Good
45,Male,57685,32,4,31.88919816965658,Poor
31,Female,93965,35,0,23.287535701146325,Very Good
48,Female,34716,81,5,25.105152965957323,Poor
36,Female,31138,100,0,30.248858647154673,Excellent
64,Female,55298,18,4,27.469658499138394,Fair
33,Male,71112,110,8,21.944850420994886,Good
22,Male,43429,27,4,22.175132652048237,Fair
52,Female,70200,39,5,27.490112945500194,Excellent
29,Male,91308,83,7,34.78158403292326,Poor
42,Male,68244,112,0,37.80623990722745,Fair
38,Male,37347,96,1,20.30874473857673,Excellent
53,Male,36920,75,8,26.951734012527123,Very Good
40,Male,51822,114,2,20.655279620041846,Good
33,Female,66659,14,5,18.856738333600855,Fair
56,Male,60108,40,4,32.72695167684507,Poor
62,Male,27967,38,1,31.45266300228164,Very Good
59,Male,31871,1,6,22.004910947020054,Excellent
56,Male,97452,62,3,23.526975911500877,Good
31,Female,94270,28,0,19.009716703357146,Poor
48,Female,53613,104,3,36.451364922429676,Excellent
22,Female,48179,73,5,39.45584781504385,Excellent
52,Female,72188,65,6,21.412380041085854,Fair
40,Male,75099,50,6,23.47671709595391,Fair
46,Female,55262,74,6,37.170804764859085,Poor
60,Male,98213,76,2,38.41897165605798,Excellent
28,Male,38268,9,5,27.521988730346422,Fair
35,Male,97866,13,7,19.588383153785095,Good
64,Male,80545,81,3,19.346924424395617,Good
29,Male,92146,50,7,30.839922120483724,Excellent
26,Female,91966,117,1,26.94724484120335,Fair
27,Female,59922,72,9,19.11602719291957,Poor
61,Female,99364,38,8,31.03992643471997,Poor
34,Female,62913,27,8,18.74300453666398,Poor
55,Male,75677,2,7,35.42849710020937,Good
24,Female,69841,83,9,25.08830568812249,Fair
63,Male,66332,69,9,19.36554706469849,Fair
30,Female,45032,26,0,31.149572751137796,Good
57,Male,57846,116,1,27.050214910310675,Poor
59,Male,79474,1,5,39.43670888717871,Poor
26,Female,64936,92,9,30.200271243829597,Excellent
44,Male,49794,37,4,24.41764239229568,Very Good
19,Male,81588,2,8,33.752935589630454,Fair
22,Female,90984,15,4,24.337078054668293,Fair
46,Male,70331,93,1,37.941230765262645,Fair
54,Female,48141,39,9,26.55652236590859,Very Good
55,Female,29074,1,3,30.32217409968841,Excellent
36,Female,26406,80,8,19.58732173222092,Very Good
25,Male,43291,40,0,27.661606615972964,Poor
62,Male,61568,11,0,36.39581610271139,Poor
18,Male,66851,34,6,35.82144931531185,Fair
39,Female,74823,106,2,23.322849015350815,Good
34,Male,43312,64,9,23.3607000267271,Fair
24,Female,63108,54,1,36.07206421258459,Good
42,Female,86918,44,8,38.503566033640496,Very Good
62,Male,54171,78,2,20.550259807369578,Poor
21,Female,61779,89,1,28.176260747663843,Good
53,Male,88828,100,7,25.75526699773092,Very Good
23,Male,32411,84,9,37.21980179233495,Poor
48,Male,77009,61,5,20.295785665620404,Good
36,Male,35422,48,5,23.039207764997805,Fair
61,Male,62468,94,9,34.67806925810963,Fair
56,Female,52371,24,6,19.602817753096136,Fair
44,Female,77022,22,6,29.08951068535722,Very Good
27,Female,91229,23,5,28.00530124561398,Fair
43,Male,71196,37,3,25.689625348258097,Excellent
36,Male,46715,27,8,26.983304779356864,Poor
56,Male,47605,20,5,29.89372261900001,Very Good
20,Female,51174,53,3,21.969398205350238,Fair
62,Male,29956,106,2,30.797911383097244,Poor
30,Female,96373,17,3,35.816795079949706,Good
45,Female,89252,35,2,34.84345999048842,Fair
37,Male,81949,98,1,21.808847950916135,Poor
45,Male,82646,44,4,21.70886359944169,Excellent
25,Female,90017,118,1,24.265748906515636,Good
58,Male,83037,72,5,26.2631066163323,Excellent
56,Female,26548,52,2,27.281795000282376,Poor
18,Male,93294,101,5,33.11349016191692,Excellent
20,Male,43177,29,9,19.71862929156546,Poor
30,Female,44022,59,8,19.245463140860426,Poor
45,Male,25542,107,0,26.926077103294045,Excellent
42,Female,80428,97,5,33.48901938096658,Poor
50,Male,42740,31,8,22.658859873564374,Fair
55,Female,79353,66,3,32.29234634700941,Poor
23,Female,76532,66,1,24.086304965716437,Very Good
61,Male,36052,27,3,37.550851339490606,Poor
62,Female,67076,43,0,37.75733380173226,Very Good
49,Male,73420,78,2,24.89167489204852,Poor
62,Male,20671,40,9,23.44486571020967,Poor
64,Male,20163,62,8,27.34303539942397,Excellent
38,Female,61424,22,9,23.671429081373198,Fair
33,Female,73744,103,4,32.95625263077163,Fair
38,Male,90331,74,5,36.26039071778814,Good
28,Male,30634,47,2,32.97148081459117,Excellent
54,Female,24798,31,4,36.22353461586101,Excellent
53,Male,42420,56,7,27.035331487460695,Fair
52,Male,49300,117,5,21.86081487024051,Excellent
36,Female,30749,99,3,34.365945369048234,Fair
37,Male,45121,32,1,26.25020186054341,Excellent
35,Female,57487,23,8,32.93232274242635,Poor
64,Male,53361,38,0,24.318844752607962,Fair
58,Female,41223,33,0,20.246437148343464,Fair
31,Male,92930,55,3,39.840508602986915,Very Good
32,Male,34056,27,6,21.858332420507885,Excellent
48,Female,48380,36,0,39.75105137021484,Excellent
18,Male,46035,6,8,39.51151855017862,Fair
20,Female,50620,67,3,35.56708923402285,Poor
33,Male,39877,36,2,32.67759368476295,Poor
40,Female,75316,55,0,30.922851580398323,Poor
28,Female,84041,64,9,37.12118322562345,Excellent
29,Female,73352,64,3,24.72294971481899,Very Good
27,Female,50911,46,8,28.555146068424854,Fair
49,Male,52784,19,9,31.81688434137979,Good
33,Male,23191,18,5,27.340595231194058,Very Good
25,Female,53160,28,5,27.69095876294076,Good
55,Female,84641,73,0,25.601120351294814,Very Good
29,Female,69723,59,9,30.630984058717523,Poor
41,Male,23631,17,1,36.787352352324994,Excellent
45,Male,26172,91,5,22.832860127135724,Good
25,Male,62080,34,1,38.590310333198985,Very Good
45,Male,40281,42,2,33.31538455558694,Excellent
53,Female,48671,110,3,36.20037407262065,Good
43,Female,71431,94,4,30.458099891545253,Fair
25,Female,48602,90,8,35.259609080617366,Very Good
45,Male,71399,10,3,18.848308542798545,Fair
45,Male,43472,48,8,36.09517913276001,Poor
54,Male,69230,112,9,19.36298547033538,Fair
58,Female,93616,37,2,37.63313759180154,Fair
53,Female,27099,63,7,39.827199065630836,Very Good
44,Male,45431,68,0,24.82245043680072,Poor
34,Female,76492,7,8,23.021848960144563,Fair
26,Male,67684,33,8,34.955312322947876,Excellent
50,Male,50111,47,9,23.940066329785445,Good
37,Female,83936,115,1,37.10959123820237,Fair
30,Male,42614,55,3,20.71111573138575,Poor
45,Female,61991,75,7,21.2080367221562,Fair
46,Male,90476,101,6,39.551758434663235,Good
30,Female,80920,64,0,32.9875363128051,Poor
63,Female,83530,30,4,36.70807532522248,Very Good
52,Female,56224,3,6,25.473081613057637,Poor
23,Male,27788,112,3,33.044400614693,Very Good
35,Male,48082,108,0,31.27619928713484,Poor
22,Female,96816,49,8,31.467727582643363,Good
64,Female,36531,68,4,33.17444788006101,Good
42,Male,64857,29,1,30.87022222227562,Poor
19,Male,30142,119,7,27.72484094000732,Fair
27,Male,68355,87,1,24.432337929181756,Good
47,Female,29866,58,2,35.02449861463384,Very Good
62,Male,90067,66,9,23.364857245068503,Very Good
22,Male,84027,74,0,33.3856175823199,Excellent
50,Female,77906,44,1,23.516655686960522,Very Good
18,Male,48138,3,6,31.94459865402076,Excellent
35,Male,49956,25,9,34.56218274327412,Poor
49,Male,96295,26,1,23.202348611490592,Poor
64,Female,25439,45,5,19.78878096851813,Poor
28,Female,67241,117,2,21.315935474374744,Fair
38,Female,62533,106,3,31.52893479632705,Fair
43,Female,48270,63,7,36.763097733853314,Excellent
42,Female,98815,90,2,19.467431656561622,Very Good
39,Female,59279,105,9,34.28425206939539,Very Good
44,Female,43888,50,5,25.83835088792612,Poor
30,Male,37630,49,0,28.788359953269733,Good
50,Male,81063,5,6,38.47048032167966,Fair
51,Female,55144,58,7,25.637387351820678,Fair
58,Male,72161,14,7,28.504744079698952,Poor
52,Male,97360,116,2,18.794171917354642,Fair
18,Female,70979,29,9,20.254372480104024,Poor
38,Male,26979,41,0,24.059719209397855,Excellent
23,Male,46189,100,8,19.0988231776531,Very Good
45,Male,62600,36,5,32.07456951003739,Good
34,Male,79560,41,8,27.667564671234885,Very Good
22,Male,98040,100,6,30.285121858652474,Very Good
48,Female,81558,34,0,22.254914496771086,Excellent
22,Female,26910,86,0,24.862538632887247,Fair
55,Female,77713,5,5,32.77222620933359,Good
20,Male,66857,67,4,39.2540085580536,Fair
40,Female,54964,17,8,19.583960632447496,Very Good
54,Male,45227,72,1,37.64326289838822,Poor
54,Male,25978,112,7,30.90294582819098,Very Good
27,Male,37153,28,4,30.62427068524591,Fair
27,Male,79765,76,1,29.255988506966847,Very Good
36,Female,59071,58,9,19.991972846939944,Poor
34,Female,89519,46,5,20.432352312327453,Excellent
38,Male,29503,115,9,31.41960812167035,Fair
31,Female,80703,16,7,25.830609285864504,Very Good
26,Male,84379,108,3,38.221263431420134,Fair
63,Female,77866,95,1,27.241696553228653,Excellent
18,Female,36905,111,4,21.58055136210678,Very Good
62,Male,65838,21,1,33.866454920293776,Very Good
30,Female,78279,67,1,24.80709856098171,Fair
21,Male,46806,68,5,29.797611608151705,Fair
18,Female,65000,36,9,33.50340488836115,Poor
57,Male,42168,104,8,37.85567839084452,Excellent
49,Male,90119,48,3,35.53211068823603,Poor
51,Female,58714,12,5,33.041762959263565,Very Good
45,Female,74093,33,6,33.112113421495586,Fair
48,Male,75419,108,5,38.837379846689856,Very Good
25,Female,69145,85,7,24.860218096175526,Very Good
56,Female,97425,52,3,18.52391002521803,Good
43,Male,97811,86,0,24.347023027061272,Good
51,Male,22461,50,6,23.184664661974995,Very Good
20,Female,34291,2,2,32.72944357995096,Fair
29,Male,66804,41,5,32.12479939495887,Very Good
18,Male,96971,97,1,31.259419728151563,Good
61,Male,84946,31,8,18.849234029003256,Fair
22,Female,81332,108,0,34.16872817068892,Very Good
47,Female,97794,50,5,25.455903868438067,Excellent
47,Male,50841,112,5,32.79870376364257,Excellent
34,Female,68758,84,4,30.466436212796296,Very Good
64,Male,96272,45,4,25.868714896700006,Fair
40,Female,57643,107,0,21.393389742738318,Very Good
32,Male,70408,20,9,20.53000629970034,Very Good
54,Male,63950,43,4,36.377644161912805,Good
38,Female,76849,10,1,38.245547154753496,Excellent
31,Male,48044,102,6,32.47044300543244,Good
19,Female,35997,67,2,20.72383346950039,Good
28,Female,99751,114,3,27.143585163097175,Very Good
56,Male,43911,0,2,34.17219280226088,Good
55,Male,75533,91,2,35.266149006216466,Excellent
51,Female,34571,62,3,21.041700379258405,Good
55,Male,77941,23,4,18.500660455175723,Excellent
51,Male,78005,98,0,33.81094648643301,Good
35,Male,78712,12,3,26.166817783703422,Excellent
47,Male,63541,110,7,23.971348629792594,Good
32,Male,43387,97,9,18.777295600474798,Good
44,Female,68908,10,6,30.116437245372243,Fair
51,Female,33057,99,8,36.79974081165861,Excellent
55,Male,84028,50,4,39.089080394860645,Excellent
50,Male,75731,16,9,30.663516438185717,Excellent
41,Male,44858,98,3,29.560918546407727,Poor
32,Female,68689,81,7,20.328712288018682,Good
47,Male,64638,103,8,30.300765233165897,Excellent
59,Female,66486,85,6,26.669550197755985,Poor
34,Female,40567,23,6,31.553408538996905,Fair
22,Female,49739,18,4,26.857616479345754,Excellent
46,Male,77804,36,3,23.666431154182884,Excellent
21,Female,23754,102,9,20.541753417410096,Poor
27,Male,47044,84,0,25.27074655866126,Good
34,Female,87260,7,9,20.577863937186674,Fair
27,Male,86912,27,9,22.303284442715654,Excellent
34,Female,28706,4,6,39.727727409460236,Good
37,Male,28894,16,0,28.0482264734923,Fair
41,Female,38037,100,0,29.935242979857854,Very Good
22,Male,71612,35,4,37.282798367850134,Very Good
51,Male,49725,117,8,39.90473136054979,Fair
23,Male,25926,18,5,31.028360660910653,Poor
19,Male,29496,63,2,35.96818715244969,Fair
30,Female,76447,90,2,25.529232023238517,Fair
60,Female,49806,116,6,25.073495085116758,Poor
60,Male,61321,97,5,27.158130001383043,Poor
28,Female,85095,10,8,32.958906147483454,Good
64,Male,42656,53,5,33.16712131898463,Good
40,Male,75147,44,4,25.27764784496319,Poor
33,Female,69666,46,9,21.364013368937517,Very Good
48,Male,58787,11,6,32.096519514008435,Very Good
28,Male,82946,117,0,21.259006037058437,Fair
33,Female,41727,20,6,30.937588926930594,Excellent
25,Male,88056,117,2,33.40857575321064,Fair
21,Male,23081,10,8,33.56314717248071,Fair
57,Male,54196,102,5,34.69965037918133,Excellent
21,Male,56735,91,8,37.26647756366179,Poor
42,Female,99578,4,4,29.249118327242954,Very Good
20,Female,45498,80,6,34.20035757488578,Fair
49,Female,96865,55,3,31.812213810365492,Excellent
20,Male,51656,19,6,22.512758705650175,Good
44,Male,87695,40,0,19.052327364692275,Fair
46,Female,57900,45,6,24.617639792054078,Very Good
49,Male,67701,11,7,28.025224686258817,Poor
36,Male,39033,69,4,31.76777780521611,Fair
38,Male,30805,16,1,36.77412560581892,Fair
22,Male,55851,114,4,22.71928290918256,Excellent
35,Female,46832,18,5,21.199320482817257,Good
45,Female,83437,25,1,39.21481887069804,Good
59,Female,33944,47,5,20.82295802659275,Poor
39,Male,39873,107,5,28.78755800730457,Very Good
38,Female,60372,107,0,31.08962016905599,Poor
23,Female,35379,51,0,30.13955004950992,Fair
18,Male,56751,95,9,20.349691376208277,Fair
22,Male,25110,69,2,19.726078651077817,Good
58,Female,74341,54,9,20.767893690412265,Very Good
29,Female,32087,99,9,31.09013520326117,Excellent
43,Female,43762,101,2,30.2034150841379,Very Good
63,Female,29596,74,3,23.525427028790002,Fair
51,Male,38313,32,1,32.21214404968022,Excellent
31,Female,86549,61,8,36.13145129419647,Very Good
43,Female,43705,87,9,19.393947636701768,Very Good
62,Male,87364,22,6,29.209793786282912,Excellent
44,Female,93445,14,6,33.320173860207845,Fair
26,Male,98645,26,5,23.924706431998274,Very Good
43,Male,22023,74,2,25.117074463802705,Excellent
64,Male,79796,63,5,31.693214914271753,Fair
39,Female,84429,114,7,37.80560880904034,Excellent
64,Female,81627,113,7,35.913375036512335,Excellent
47,Male,53848,80,8,31.037299710641044,Very Good
60,Female,57804,50,0,34.19976693178086,Fair
34,Female,35379,52,0,26.343683109467673,Very Good
43,Male,79664,77,2,32.28075885412329,Poor
53,Male,47766,90,2,28.522904209242476,Poor
18,Female,88099,81,9,22.58362693383756,Fair
25,Male,56060,91,7,33.58737288836103,Excellent
52,Female,89122,50,9,30.463989702999672,Very Good
32,Female,36087,46,0,26.210364012002216,Very Good
64,Female,68868,110,1,38.09379258669056,Fair
39,Female,43225,3,1,18.950083533274764,Fair
31,Male,26643,6,2,25.289122751864163,Poor
43,Male,56727,108,5,19.7229500522194,Good
45,Male,31005,34,0,34.98033729876498,Fair
40,Male,85697,47,1,33.59531026344654,Good
31,Female,36029,72,0,25.624072702830816,Fair
41,Female,34226,71,4,33.02675239745207,Excellent
19,Male,83646,115,6,27.01265036321292,Excellent
62,Female,80603,44,7,34.759456515582336,Poor
43,Female,48731,80,9,28.26494874883918,Poor
31,Female,88926,80,0,27.36401414838081,Good
24,Male,25997,112,6,38.59669318299847,Fair
20,Male,75506,96,4,23.893900647650057,Very Good
64,Male,98229,95,9,21.089617809926157,Poor
40,Female,69815,71,0,31.067676935078353,Very Good
63,Male,62092,18,2,39.340418964109844,Very Good
60,Male,82539,62,6,26.623543095134515,Fair
64,Male,86077,37,9,19.833790418018804,Good
62,Male,41817,66,0,25.7950632471557,Fair
35,Male,57861,58,6,29.377530567870508,Poor
55,Male,33428,68,4,21.981344642592596,Very Good
52,Female,63934,12,0,32.64919768821458,Fair
32,Female,30258,46,0,39.951611863719314,Fair
42,Male,77775,109,0,28.21239873360104,Fair
54,Male,25469,60,8,26.12666396969957,Poor
45,Female,48854,30,2,27.115139586941034,Good
27,Female,26256,118,4,20.975642835496824,Fair
56,Male,96256,79,9,37.490382430663814,Poor
34,Male,53937,113,8,27.418751593709068,Very Good
56,Male,21651,95,5,26.826399845634086,Excellent
39,Male,70288,21,8,32.683340868005196,Poor
43,Female,45051,92,7,28.00371855001916,Excellent
61,Male,47386,85,7,32.43701957936869,Fair
42,Male,95054,42,0,19.82109523781193,Fair
34,Male,36184,66,8,35.995051890027895,Poor
30,Male,53787,53,5,38.72083498690716,Excellent
37,Female,41621,9,8,32.4484558024268,Fair
42,Female,95564,41,2,39.02316747046443,Very Good
21,Female,97984,63,2,21.75579475895421,Good
27,Male,79792,20,5,28.764448073827605,Good
20,Male,65253,79,8,31.438844779827114,Fair
58,Female,54051,75,6,31.007337919555514,Excellent
62,Male,69811,65,2,27.13142825041443,Fair
35,Male,50447,40,2,25.76881480137462,Excellent
64,Female,50254,23,1,21.226716484834004,Very Good
53,Female,77418,34,8,26.92246268708898,Excellent
64,Female,34472,55,2,21.99720752476793,Fair
39,Female,23471,29,4,34.28886204458269,Very Good
51,Male,28329,56,8,22.989865113133686,Poor
64,Male,54865,93,7,19.759154063617476,Good
25,Female,66850,46,1,30.375871963070537,Fair
57,Male,74220,34,2,31.297439253467132,Fair
61,Female,26397,18,1,37.24613081753087,Fair
36,Female,55525,113,7,30.905104666980158,Very Good
59,Male,73072,7,5,25.927838355054085,Poor
58,Female,43284,25,5,35.76475545281589,Excellent
54,Male,81330,112,8,30.115996203529555,Poor
23,Male,45122,103,7,20.204526119570623,Very Good
43,Male,90553,70,3,30.665787046734803,Fair
51,Male,82812,29,3,38.02239872656574,Good
62,Female,27999,6,8,27.02072144821174,Fair
23,Male,42436,66,0,24.871004740845702,Excellent
54,Female,62963,64,1,21.584593325887433,Good
50,Female,22096,35,1,21.756078721610184,Fair
39,Female,45279,24,5,27.804586913349105,Good
38,Female,46201,36,3,31.307116219472885,Poor
23,Male,39715,0,9,20.23323121114644,Very Good
23,Male,49309,14,2,38.70072466404106,Fair
21,Female,35078,36,2,34.73537277507171,Excellent
47,Female,76614,12,2,31.112414243098748,Poor
28,Male,25105,103,5,36.3114314251883,Fair
47,Female,22839,7,7,20.224015271460434,Poor
48,Male,88920,4,6,28.752035871262173,Excellent
41,Female,63619,59,3,32.047002227525766,Fair
26,Male,62821,72,3,36.31603748154322,Excellent
20,Female,33493,0,9,35.344595541059256,Good
48,Female,37069,35,1,24.456988868838092,Excellent
57,Male,27531,34,0,38.7289236455229,Good
54,Female,57051,65,8,21.173435590763713,Fair
53,Female,27736,62,1,37.315372800354766,Good
41,Male,27710,103,7,39.3752153664993,Fair
48,Female,87155,22,8,22.308800749286448,Fair
23,Male,33975,8,3,34.024420380381386,Very Good
19,Male,82424,33,7,19.366138653726967,Fair
37,Female,65603,45,8,27.21659074049183,Good
45,Female,43252,77,9,29.600090932749993,Very Good
28,Female,21431,3,9,30.98387235705713,Very Good
21,Female,94603,29,4,38.622650837344025,Fair
32,Female,57481,94,6,32.95338977682518,Excellent
23,Female,29557,101,9,28.847475951213596,Excellent
47,Female,94971,74,3,35.90801327971662,Very Good
55,Male,20162,98,0,38.93645565051979,Fair
19,Female,54742,71,2,18.974422196669252,Excellent
32,Male,39675,2,4,39.62420735350483,Fair
28,Female,93997,13,2,20.351840989869128,Fair
25,Female,37015,59,6,36.00931575427837,Very Good
43,Male,70057,76,8,24.52719717985537,Very Good
62,Female,52591,44,5,21.341862641708243,Poor
61,Female,29833,95,9,27.95689625384745,Excellent
22,Male,27896,33,0,32.34506645812369,Excellent
23,Female,52972,44,6,26.690464668004715,Excellent
43,Female,69733,60,2,19.67315627807803,Good
21,Female,61800,82,4,31.388414502662407,Fair
36,Male,25347,101,9,37.901670436379504,Very Good
37,Female,79063,15,3,26.73913036786591,Excellent
50,Female,22643,65,9,23.15115471906278,Poor
37,Female,60785,39,4,28.01541293755553,Excellent
29,Female,38681,16,4,19.539798287548788,Fair
64,Male,70026,118,5,36.14048306632591,Fair
18,Male,35892,33,9,36.26632743542902,Very Good
43,Female,67299,105,9,31.14200996373701,Good
31,Female,37073,15,5,26.091712112175372,Very Good
55,Male,50682,101,7,35.69534233558434,Excellent
54,Male,34289,59,7,30.425771032949896,Poor
28,Female,27927,65,8,36.25754463382535,Very Good
53,Male,68330,65,7,32.07636404053494,Good
30,Female,86707,89,1,35.36471767407514,Very Good
60,Male,97454,12,9,31.36910435418184,Fair
20,Male,85428,55,0,27.404032966636823,Excellent
50,Male,70601,110,9,39.095835988411956,Excellent
23,Male,97465,30,1,30.13394723489516,Excellent
27,Female,22539,33,1,31.509424648621575,Excellent
22,Male,42669,38,2,23.240484247417108,Excellent
40,Male,90968,66,9,31.951491972686444,Excellent
27,Female,40644,7,6,30.789564463883295,Poor
61,Male,38745,86,1,22.474025555861036,Good
19,Male,48228,77,0,19.78112259309259,Excellent
